{
    "seed": 91810115,
    "category": "scarf",
    "anchor_eyes": [
        213.83822631835938,
        74.32350158691406,
        308.88067626953125,
        104.16740417480469
    ],
    "target_bbox": [
        166.31700134277344,
        119.08935546875,
        356.40191650390625,
        208.62106323242188
    ]
}