{
    "seed": 90912169,
    "category": "scarf",
    "anchor_eyes": [
        215.54916381835938,
        84.59423828125,
        346.36456298828125,
        119.97061157226562
    ],
    "target_bbox": [
        150.14146423339844,
        137.65879821777344,
        411.77227783203125,
        243.7879180908203
    ]
}