{
    "seed": 36244660,
    "category": "scarf",
    "anchor_eyes": [
        149.78726196289062,
        66.99104309082031,
        302.9620361328125,
        108.64907836914062
    ],
    "target_bbox": [
        73.19987487792969,
        129.47808837890625,
        379.5494384765625,
        254.4521942138672
    ]
}