{
    "seed": 82367872,
    "category": "scarf",
    "anchor_eyes": [
        189.66162109375,
        69.90174865722656,
        302.02880859375,
        100.41978454589844
    ],
    "target_bbox": [
        133.47802734375,
        115.67880249023438,
        358.21240234375,
        207.23291015625
    ]
}