{
    "seed": 56841966,
    "category": "scarf",
    "anchor_eyes": [
        154.3475341796875,
        115.89616394042969,
        348.2218017578125,
        187.58270263671875
    ],
    "target_bbox": [
        57.410400390625,
        223.42596435546875,
        445.158935546875,
        438.485595703125
    ]
}