{
    "seed": 52608581,
    "category": "scarf",
    "anchor_eyes": [
        209.44281005859375,
        0.0,
        338.15899658203125,
        20.03941535949707
    ],
    "target_bbox": [
        145.084716796875,
        30.059123992919922,
        402.51708984375,
        90.1773681640625
    ]
}