{
    "seed": 22041468,
    "category": "scarf",
    "anchor_eyes": [
        199.83718872070312,
        70.3194580078125,
        348.02777099609375,
        142.07176208496094
    ],
    "target_bbox": [
        125.74189758300781,
        177.94790649414062,
        422.123046875,
        393.204833984375
    ]
}