{
    "seed": 16858303,
    "category": "scarf",
    "anchor_eyes": [
        188.796630859375,
        86.08824920654297,
        319.27008056640625,
        117.14875793457031
    ],
    "target_bbox": [
        123.55990600585938,
        132.67901611328125,
        384.5068054199219,
        225.86053466796875
    ]
}