{
    "seed": 90431465,
    "category": "scarf",
    "anchor_eyes": [
        188.51498413085938,
        79.3665771484375,
        291.663818359375,
        112.71470642089844
    ],
    "target_bbox": [
        136.94056701660156,
        129.38876342773438,
        343.23822021484375,
        229.4331512451172
    ]
}