{
    "seed": 19181410,
    "category": "scarf",
    "anchor_eyes": [
        213.40853881835938,
        59.1931266784668,
        357.260498046875,
        106.65171813964844
    ],
    "target_bbox": [
        141.48255920410156,
        130.38101196289062,
        429.18646240234375,
        272.75677490234375
    ]
}