{
    "seed": 72558508,
    "category": "scarf",
    "anchor_eyes": [
        206.32379150390625,
        0.0,
        337.2319030761719,
        44.00971221923828
    ],
    "target_bbox": [
        140.86973571777344,
        66.01457214355469,
        402.68597412109375,
        198.04371643066406
    ]
}