{
    "seed": 93314945,
    "category": "scarf",
    "anchor_eyes": [
        192.4697265625,
        88.74864196777344,
        329.65875244140625,
        127.00753784179688
    ],
    "target_bbox": [
        123.87521362304688,
        146.13699340820312,
        398.2532653808594,
        260.9136962890625
    ]
}