{
    "seed": 26106304,
    "category": "scarf",
    "anchor_eyes": [
        217.48211669921875,
        6.839611053466797,
        335.23468017578125,
        41.89037322998047
    ],
    "target_bbox": [
        158.6058349609375,
        59.41575622558594,
        394.1109619140625,
        164.5680389404297
    ]
}