{
    "seed": 94080078,
    "category": "scarf",
    "anchor_eyes": [
        211.695556640625,
        51.05213165283203,
        374.73870849609375,
        101.57638549804688
    ],
    "target_bbox": [
        130.17398071289062,
        126.83851623535156,
        456.2602844238281,
        278.4112548828125
    ]
}