{
    "seed": 19517327,
    "category": "scarf",
    "anchor_eyes": [
        250.58560180664062,
        42.022377014160156,
        393.0339660644531,
        97.75589752197266
    ],
    "target_bbox": [
        179.36141967773438,
        125.6226577758789,
        464.2581481933594,
        292.8232116699219
    ]
}