{
    "seed": 37333351,
    "category": "scarf",
    "anchor_eyes": [
        158.5621337890625,
        94.11582946777344,
        421.146484375,
        159.71463012695312
    ],
    "target_bbox": [
        27.26995849609375,
        192.5140380859375,
        512.0,
        389.3104248046875
    ]
}