{
    "seed": 53790442,
    "category": "scarf",
    "anchor_eyes": [
        88.7886962890625,
        77.97529602050781,
        236.65689086914062,
        131.83175659179688
    ],
    "target_bbox": [
        14.854598999023438,
        158.75997924804688,
        310.59100341796875,
        320.329345703125
    ]
}