{
    "seed": 22571976,
    "category": "scarf",
    "anchor_eyes": [
        179.19606018066406,
        101.93052673339844,
        340.23822021484375,
        144.56382751464844
    ],
    "target_bbox": [
        98.67498016357422,
        165.88047790527344,
        420.7593078613281,
        293.7803955078125
    ]
}