{
    "seed": 18720676,
    "category": "scarf",
    "anchor_eyes": [
        202.32749938964844,
        16.83395004272461,
        344.86004638671875,
        61.537078857421875
    ],
    "target_bbox": [
        131.06121826171875,
        83.88864135742188,
        416.1263122558594,
        217.99803161621094
    ]
}