{
    "seed": 51023928,
    "category": "scarf",
    "anchor_eyes": [
        198.5179443359375,
        59.31698226928711,
        321.8299865722656,
        99.23121643066406
    ],
    "target_bbox": [
        136.86192321777344,
        119.1883316040039,
        383.48602294921875,
        238.9310302734375
    ]
}