{"loss":0.017249446362257004,"lr":0.0001,"_timestamp":1.7677909985382357e+09,"_wandb":{"runtime":306},"_runtime":306.432412702,"_step":1000}