{"loss":0.031742438673973083,"lr":0.0001,"_timestamp":1.7677927037763069e+09,"_step":1000,"_wandb":{"runtime":203},"_runtime":203.703170991}