{
    "seed": 98429240,
    "category": "glasses",
    "anchor_eyes": [
        171.20236206054688,
        148.64080810546875,
        353.019775390625,
        208.05523681640625
    ],
    "target_bbox": [
        143.92975006103515,
        118.93359375,
        380.2923873901367,
        237.762451171875
    ]
}