{
    "seed": 3590575,
    "category": "glasses",
    "anchor_eyes": [
        168.55430603027344,
        88.2401123046875,
        291.23333740234375,
        120.7520751953125
    ],
    "target_bbox": [
        150.1524513244629,
        71.984130859375,
        309.6351921081543,
        137.008056640625
    ]
}