{
    "seed": 83277611,
    "category": "glasses",
    "anchor_eyes": [
        125.05815887451172,
        96.64195251464844,
        273.818603515625,
        142.1275177001953
    ],
    "target_bbox": [
        102.74409217834473,
        73.899169921875,
        296.132670211792,
        164.87030029296875
    ]
}