{
    "seed": 5771496,
    "category": "glasses",
    "anchor_eyes": [
        210.8634033203125,
        88.21800231933594,
        367.41522216796875,
        128.7022247314453
    ],
    "target_bbox": [
        187.38063049316406,
        67.97589111328125,
        390.8979949951172,
        148.9443359375
    ]
}