{
    "seed": 33060190,
    "category": "glasses",
    "anchor_eyes": [
        169.95986938476562,
        91.087890625,
        313.9425048828125,
        140.61227416992188
    ],
    "target_bbox": [
        148.3624740600586,
        66.32569885253906,
        335.5399002075195,
        165.3744659423828
    ]
}