{
    "seed": 18750779,
    "category": "glasses",
    "anchor_eyes": [
        175.2157745361328,
        81.67236328125,
        313.43896484375,
        127.52298736572266
    ],
    "target_bbox": [
        154.48229598999023,
        58.74705123901367,
        334.1724433898926,
        150.44829940795898
    ]
}