{
    "seed": 31952936,
    "category": "glasses",
    "anchor_eyes": [
        159.48251342773438,
        143.94110107421875,
        325.10662841796875,
        190.45802307128906
    ],
    "target_bbox": [
        134.6388961791992,
        120.6826400756836,
        349.9502456665039,
        213.71648406982422
    ]
}