{
    "seed": 49064919,
    "category": "glasses",
    "anchor_eyes": [
        155.32940673828125,
        28.302400588989258,
        286.0369873046875,
        75.02598571777344
    ],
    "target_bbox": [
        135.7232696533203,
        4.940608024597168,
        305.64312438964845,
        98.38777828216553
    ]
}