{
    "seed": 23928884,
    "category": "glasses",
    "anchor_eyes": [
        202.0157470703125,
        133.050048828125,
        340.0889892578125,
        177.04733276367188
    ],
    "target_bbox": [
        181.3047607421875,
        111.05140686035156,
        360.7999755859375,
        199.0459747314453
    ]
}