{
    "seed": 3978918,
    "category": "glasses",
    "anchor_eyes": [
        182.5103759765625,
        101.54965209960938,
        318.0216064453125,
        135.79013061523438
    ],
    "target_bbox": [
        162.18369140625,
        84.42941284179688,
        338.348291015625,
        152.91036987304688
    ]
}