{
    "seed": 72462565,
    "category": "glasses",
    "anchor_eyes": [
        148.45547485351562,
        158.4622039794922,
        304.8258056640625,
        207.83856201171875
    ],
    "target_bbox": [
        124.99992523193359,
        133.7740249633789,
        328.2813552856445,
        232.52674102783203
    ]
}