{
    "seed": 99287766,
    "category": "glasses",
    "anchor_eyes": [
        141.5140380859375,
        97.06698608398438,
        279.23095703125,
        133.7506866455078
    ],
    "target_bbox": [
        120.85650024414062,
        78.72513580322266,
        299.88849487304685,
        152.09253692626953
    ]
}