{
    "seed": 47041287,
    "category": "glasses",
    "anchor_eyes": [
        168.01014709472656,
        71.89300537109375,
        279.8516845703125,
        110.7433090209961
    ],
    "target_bbox": [
        151.23391647338866,
        52.46785354614258,
        296.6279151916504,
        130.16846084594727
    ]
}