{
    "seed": 96990073,
    "category": "glasses",
    "anchor_eyes": [
        166.40493774414062,
        69.88461303710938,
        310.74298095703125,
        112.49934387207031
    ],
    "target_bbox": [
        144.75423126220704,
        48.577247619628906,
        332.39368743896483,
        133.80670928955078
    ]
}