{
    "seed": 1573519,
    "category": "glasses",
    "anchor_eyes": [
        205.41030883789062,
        128.3411407470703,
        352.2400207519531,
        167.50100708007812
    ],
    "target_bbox": [
        183.38585205078124,
        108.7612075805664,
        374.2644775390625,
        187.08094024658203
    ]
}