{
    "seed": 69712282,
    "category": "glasses",
    "anchor_eyes": [
        240.57420349121094,
        132.54745483398438,
        372.7384033203125,
        184.17071533203125
    ],
    "target_bbox": [
        220.74957351684571,
        106.73582458496094,
        392.5630332946777,
        209.9823455810547
    ]
}