{
    "seed": 60260557,
    "category": "glasses",
    "anchor_eyes": [
        202.33392333984375,
        0.0,
        346.74603271484375,
        21.043819427490234
    ],
    "target_bbox": [
        180.67210693359374,
        -10.521909713745117,
        368.40784912109376,
        31.56572914123535
    ]
}