{
    "seed": 23846476,
    "category": "glasses",
    "anchor_eyes": [
        189.68655395507812,
        66.16548156738281,
        317.1578063964844,
        100.64918518066406
    ],
    "target_bbox": [
        170.56586608886718,
        48.92362976074219,
        336.2784942626953,
        117.89103698730469
    ]
}