{
    "seed": 49379752,
    "category": "glasses",
    "anchor_eyes": [
        177.5293731689453,
        90.27510070800781,
        308.1199951171875,
        129.2012481689453
    ],
    "target_bbox": [
        157.94077987670897,
        70.81202697753906,
        327.70858840942384,
        148.66432189941406
    ]
}