{
    "seed": 2884365,
    "category": "glasses",
    "anchor_eyes": [
        173.15606689453125,
        23.3483829498291,
        302.8266906738281,
        60.701454162597656
    ],
    "target_bbox": [
        153.70547332763672,
        4.671847343444824,
        322.2772842407227,
        79.37798976898193
    ]
}