{
    "seed": 70399084,
    "category": "hat",
    "anchor_eyes": [
        162.50997924804688,
        113.4417495727539,
        345.6104736328125,
        165.08053588867188
    ],
    "target_bbox": [
        89.26978302001953,
        0.0,
        418.8506774902344,
        103.1139907836914
    ]
}