{
    "seed": 93696367,
    "category": "hat",
    "anchor_eyes": [
        147.48489379882812,
        166.98239135742188,
        336.02178955078125,
        222.6925811767578
    ],
    "target_bbox": [
        72.07013702392578,
        0.0,
        411.4365539550781,
        155.84034729003906
    ]
}