{
    "seed": 44855091,
    "category": "hat",
    "anchor_eyes": [
        195.42396545410156,
        114.16442108154297,
        329.16119384765625,
        157.6439208984375
    ],
    "target_bbox": [
        141.9290771484375,
        0.0,
        382.6560974121094,
        105.46852111816406
    ]
}