{
    "seed": 97963879,
    "category": "hat",
    "anchor_eyes": [
        159.74270629882812,
        180.29080200195312,
        332.3551025390625,
        233.86404418945312
    ],
    "target_bbox": [
        90.69774627685547,
        0.0,
        401.4000549316406,
        169.57615661621094
    ]
}