{
    "seed": 3394779,
    "category": "hat",
    "anchor_eyes": [
        177.89804077148438,
        81.47486877441406,
        299.94085693359375,
        118.71391296386719
    ],
    "target_bbox": [
        129.08091735839844,
        0.0,
        348.75799560546875,
        74.02706146240234
    ]
}