{
    "seed": 6515525,
    "category": "hat",
    "anchor_eyes": [
        154.67007446289062,
        155.22244262695312,
        319.3949279785156,
        207.96328735351562
    ],
    "target_bbox": [
        88.7801284790039,
        0.0,
        385.2848815917969,
        144.6742706298828
    ]
}