{
    "seed": 140476,
    "category": "hat",
    "anchor_eyes": [
        132.31524658203125,
        153.137939453125,
        322.2799377441406,
        221.60202026367188
    ],
    "target_bbox": [
        56.329368591308594,
        0.0,
        398.26580810546875,
        139.44512939453125
    ]
}