{
    "seed": 44071783,
    "category": "hat",
    "anchor_eyes": [
        145.2799072265625,
        100.20347595214844,
        274.0499572753906,
        162.29867553710938
    ],
    "target_bbox": [
        93.77188110351562,
        0.0,
        325.5579833984375,
        87.78443908691406
    ]
}