{
    "seed": 25033790,
    "category": "hat",
    "anchor_eyes": [
        219.56411743164062,
        146.33436584472656,
        370.822265625,
        197.86099243164062
    ],
    "target_bbox": [
        159.06085205078125,
        0.0,
        431.3255310058594,
        136.02903747558594
    ]
}