{
    "seed": 20158139,
    "category": "hat",
    "anchor_eyes": [
        126.92134094238281,
        162.12054443359375,
        357.50335693359375,
        229.08099365234375
    ],
    "target_bbox": [
        34.68852996826172,
        0.0,
        449.7361755371094,
        148.72845458984375
    ]
}