{
    "seed": 6378579,
    "category": "hat",
    "anchor_eyes": [
        146.16265869140625,
        185.01585388183594,
        296.6022033691406,
        247.43386840820312
    ],
    "target_bbox": [
        85.9868392944336,
        0.0,
        356.77801513671875,
        172.53225708007812
    ]
}