{
    "seed": 73247756,
    "category": "hat",
    "anchor_eyes": [
        172.16241455078125,
        145.7138214111328,
        327.68072509765625,
        191.2426300048828
    ],
    "target_bbox": [
        109.95509338378906,
        0.0,
        389.8880615234375,
        136.60806274414062
    ]
}