{
    "seed": 53970285,
    "category": "hat",
    "anchor_eyes": [
        173.90708923339844,
        121.70310974121094,
        340.44439697265625,
        172.4377899169922
    ],
    "target_bbox": [
        107.29216766357422,
        0.0,
        407.059326171875,
        111.5561752319336
    ]
}