{
    "seed": 41686125,
    "category": "hat",
    "anchor_eyes": [
        130.55780029296875,
        158.83676147460938,
        349.84893798828125,
        231.48025512695312
    ],
    "target_bbox": [
        42.841346740722656,
        0.0,
        437.5653991699219,
        144.3080596923828
    ]
}