{
    "seed": 86548880,
    "category": "hat",
    "anchor_eyes": [
        178.67710876464844,
        132.6514892578125,
        352.80682373046875,
        186.66143798828125
    ],
    "target_bbox": [
        109.02522277832031,
        0.0,
        422.4587097167969,
        121.84950256347656
    ]
}