{
    "seed": 46060412,
    "category": "hat",
    "anchor_eyes": [
        112.47472381591797,
        142.10186767578125,
        254.77886962890625,
        191.27957153320312
    ],
    "target_bbox": [
        55.55306625366211,
        0.0,
        311.7005310058594,
        132.26632690429688
    ]
}