{
    "seed": 98193044,
    "category": "hat",
    "anchor_eyes": [
        137.23880004882812,
        158.6124267578125,
        366.1983337402344,
        229.04446411132812
    ],
    "target_bbox": [
        45.65498352050781,
        0.0,
        457.78216552734375,
        144.52601623535156
    ]
}