{
    "seed": 71539788,
    "category": "hat",
    "anchor_eyes": [
        145.13320922851562,
        199.5556640625,
        354.1812744140625,
        260.7416687011719
    ],
    "target_bbox": [
        61.51398468017578,
        0.0,
        437.8005065917969,
        187.31846618652344
    ]
}