{
    "seed": 81197343,
    "category": "hat",
    "anchor_eyes": [
        182.60919189453125,
        135.73760986328125,
        305.459228515625,
        180.476318359375
    ],
    "target_bbox": [
        133.46917724609375,
        0.0,
        354.5992431640625,
        126.78987121582031
    ]
}