{
    "seed": 75564848,
    "category": "hat",
    "anchor_eyes": [
        151.93490600585938,
        93.09403991699219,
        308.2000732421875,
        142.9781036376953
    ],
    "target_bbox": [
        89.4288330078125,
        0.0,
        370.7061462402344,
        83.11722564697266
    ]
}